idPessoa,nomePessoa,idadePessoa,twitterPessoa
887,,-1,evelynbrownfig
372,Claudia Crowell,35,claudiacrowell
370,Rachel Travis Mendez,-1,racheltravisme
301,Michael Parks Hebert Dressler Moore,-1,michaelparkshe
1129,Walter Dunnaway Ackerman,-1,walterdunnaway
1016,Kenneth Carpenter Storjohann,31,kennethcarpent
295,Carmen Dore,29,carmendore
754,Mitchell Taylor Madison Gilbert Russo,-1,mitchelltaylor
656,,21,gregfernandez
444,James Rodriguez,-1,jamesrodriguez
381,Tamara Carpino Letellier Garcia,-1,tamaracarpinol
558,Robert Losee,25,robertlosee
742,Tyrone Taylor Walker Ferreira,-1,tyronetaylorwa
878,Cecil Hunt Hodge Hancher,-1,cecilhunthodge
542,Dennis Kovacs Wright,24,denniskovacswr
884,,33,kennethcasperp
94,Evelyn Hartshorn Barfield,23,evelynhartshor
321,,30,josephkent
997,,33,sandrabeach
121,Wayne Moe Spaniel Humphrey,40,waynemoespanie
1106,Cynthia Rodriguez Wozniak Mcgarry Wright,-1,cynthiarodrigu
572,Tammy Tavana Flores Holcomb Harding Medina,-1,tammytavanaflo
576,Jean Simpson Monroe,27,jeansimpsonmon
733,Michael Cooper,-1,michaelcooper
1151,April Shepard Sherwood Lovelace Smith Graves,20,aprilshepardsh
1169,Andres Colburn,-1,andrescolburn
1113,Marie Williams,17,mariewilliams
676,Steven Harris Grande Mcgraw Miller,38,stevenharrisgr
501,Jessica Gonzales Niceswander Howard Boland Martin,28,jessicagonzale
891,Terri Walker Frakes Harrison Gonzalez Gonzales,19,terriwalkerfra
1195,Deanna Lesperance Shannon,31,deannalesperan
897,Pamela Harris Lopez,19,pamelaharrislo
290,Leroy Dambrosio Rooney Villareal Kochan,-1,leroydambrosio
1049,Stephanie Latouf Scott,-1,stephanielatou
1092,,24,doriszwiebelha
239,John Prentiss Simpson,-1,johnprentisssi
280,Ruth Benjamin Wentworth,27,ruthbenjaminwe
653,Lisa Esparza Bridwell Steen,37,lisaesparzabri
107,Steve Campbell,14,stevecampbell
555,Thomas Erler,21,thomaserler
694,,-1,elizabethkeymi
385,Tracy Kelly Preston,-1,tracykellypres
582,Adam Carr Taylor,31,adamcarrtaylor
1034,Richard Saari Eisner Anderson,-1,richardsaariei
688,,14,adelekinnamonh
367,Zachary Rocco Sumner Hogan Wright,-1,zacharyroccosu
1003,Stephen Bartos Bullock Hayden Niese Hine,40,stephenbartosb
58,Frances Gambrel Boyd Galloway Paul Sikorski,33,francesgambrel
1134,,21,gregorymartine
1183,Gilbert Britton Laflamme,-1,gilbertbritton
32,Eugenia Moore Thomas,33,eugeniamooreth
937,Ashleigh Engler,19,ashleighengler
1164,,-1,lillianmahlerm
631,Jerry Noga,-1,jerrynoga
1115,Marina Cortez Coleman Blake Styron Gordon,-1,marinacortezco
549,,26,gailmaynard
1125,Gavin Richardson Vinson,-1,gavinrichardso
635,Shirley Murphy,14,shirleymurphy
192,Tammy Strawser,-1,tammystrawser
204,Rita Zorra,-1,ritazorra
75,Mark Tolan Mora,37,marktolanmora
433,Francis Wise,-1,franciswise
122,Earl Reid Loveday Meier Noel,29,earlreidloveda
124,Kenneth Aviles Kent Mathis Lagrimas French,-1,kennethavilesk
5,Devin Kendrick Tejada Schaffer,38,devinkendrickt
1033,Bernice Merkel Abbott Bruno Wendling Salmon,15,bernicemerkela
403,,21,jenniferanders
844,John Steele Santiago,-1,johnsteelesant
985,,-1,jasonhortonwoo
377,Veronica Mullins Beale Mulhall Cohen Jackson,34,veronicamullin
322,Mattie Robison Boyd Craghead,14,mattierobisonb
1179,Scott Erickson Stiver Warriner,22,scottericksons
682,Robert Ong Reid Filkins Beckler,25,robertongreidf
571,Cassandra Hess Washington,24,cassandrahessw
391,Timothy Wells Joseph Burns,31,timothywellsjo
500,Robert Marquess Genna Mason,29,robertmarquess
1101,Thomas Walton Lataille Havens Cary,-1,thomaswaltonla
316,Matt Hansen Dorman Villar Kipp,-1,matthansendorm
943,Virgil White Marusak Kratzer Kremen Coburn,22,virgilwhitemar
491,Jeffrey Miller Renolds Greene Plante Ingraham,40,jeffreymillerr
287,Robert Lofton Doyle Thatcher Xia,23,robertloftondo
603,Sandra Narvaez,-1,sandranarvaez
822,Ronald Patterson Harrold,19,ronaldpatterso
486,,-1,jerrypostelvar
934,Tara Mauk Hernandez Rivera Randolph,39,taramaukhernan
968,Dennis Jones,23,dennisjones
811,Richard Moore Pickell,-1,richardmoorepi
490,Ramon Heuser Dixon England Sanders Hall,29,ramonheuserdix
698,Viola Loatman,-1,violaloatman
129,Melissa Gilliland Montano,15,melissagillila
220,Edward Kontos Venezia Jackson Lewis,35,edwardkontosve
134,Stevie Hammock Fuller Best Jamon,15,steviehammockf
961,Elenor Cleveland,-1,elenorclevelan
1062,Sandra Whiteman Wilburn Kemp,33,sandrawhiteman
21,,27,marycruztiley
752,John Mikels Rangel Miller Pippin,32,johnmikelsrang
188,Kaylene Fish Reiter,18,kaylenefishrei
395,Adam Garcia,29,adamgarcia
503,Lawrence Schuller Gonzalez Fischer,-1,lawrenceschull
1042,,-1,eddiekelloggwi
540,Phyllis Moore Mildenstein Muse,30,phyllismooremi
421,Elaine Clinton Graham Barkley,20,elaineclintong
577,Dominic Fawbush Hall,19,dominicfawbush
40,Jasmine Jackson Dyer Mcafee Ruiz Norton,30,jasminejackson
634,Cynthia Baquet,29,cynthiabaquet
279,,33,gordonmalloryh
1074,Thelma Cornell,-1,thelmacornell
1088,Joan Thady Santos Kindl Austin Shore,37,joanthadysanto
267,Ronald Schmid Alamilla Scarbrough Velazquez Hickson,-1,ronaldschmidal
812,Glen Peterson Coleman Stallard Acosta Olson,-1,glenpetersonco
672,Thomas Kremen Lawler Sires Tollefson Powell,30,thomaskremenla
341,Brian Matthews Maring Driggers Darwish,33,brianmatthewsm
636,Ann Grimes Moore Kornegay,18,anngrimesmoore
100,Ralph Connors Vawter Dinan,-1,ralphconnorsva
995,Jennie Hu Mcgeever Stewart Wolf Prahl,-1,jenniehumcgeev
607,Pamela Jones Branum Poole Brookshire,29,pamelajonesbra
1198,,24,jeffreytucker
505,Dwight Moon Holcomb Lankford,-1,dwightmoonholc
1127,,-1,pattishirleycr
973,Susan Lewis Blades,-1,susanlewisblad
202,Judith Silvers Massey Eller Jones Durnin,-1,judithsilversm
1146,Aurora Burruss Chavez Tetterton,14,auroraburrussc
785,Trina Polite,35,trinapolite
1109,,-1,scottscipiowil
137,Raymond Mohler Hall Allen,-1,raymondmohlerh
533,Terry Larkin Alt Pokorney Farmer Timlin,37,terrylarkinalt
1036,Charles Robinson Stallcup Hern,-1,charlesrobinso
916,Virginia Part Scipioni Guthrie Mills Harrison,-1,virginiapartsc
892,Robert Dunn Harris Lewis,24,robertdunnharr
236,Allison Gupta Knudsen Lawerence Dunn Allegrini,-1,allisonguptakn
833,Timothy Brewer Mcclain,17,timothybrewerm
585,Diane Jones Hill,-1,dianejoneshill
709,George Ho Trejo Lee,-1,georgehotrejol
57,Kirk Rowald,-1,kirkrowald
465,Alvin Herandez Peoples Castro,-1,alvinherandezp
182,Sylvester Hotton Wright Turner Witt Harris,-1,sylvesterhotto
1095,Joseph Whitley Deas Thomas Knight,27,josephwhitleyd
595,Robin Dahlberg,34,robindahlberg
648,Norman Bormann Christen,26,normanbormannc
1056,Ray Hernandez King Williams Sloan,21,rayhernandezki
644,Dustin Brown Fitzgerald Butler,37,dustinbrownfit
518,Rachael Best Hamilton,-1,rachaelbestham
548,Debbie Hooper Kroll,-1,debbiehooperkr
245,Jeanette Bowthorpe Lambert,28,jeanettebowtho
497,,20,kennethstacybr
565,Roberto Serdula Irving Miller Asakura Howell,-1,robertoserdula
668,Jarred Nowlin Carter,-1,jarrednowlinca
732,Walter Owen,-1,walterowen
718,Anthony Quinonez Hernandez Albritton Glover,-1,anthonyquinone
922,John Proper Wise,-1,johnproperwise
69,Lavonia Llewellyn Lacy Howser,34,lavoniallewell
835,,39,charlesgomezsm
48,,-1,esperanzadixon
218,Stephanie Toscani Henry Brown,40,stephanietosca
506,Diana Flowers Bell Johnson Sarni,-1,dianaflowersbe
966,Courtney Reyes Chapin,-1,courtneyreyesc
948,,-1,dianeallenkeen
837,James Penn Crye,36,jamespenncrye
1155,Craig Engel,29,craigengel
935,Kristin Padilla Lucas Laswell,35,kristinpadilla
276,,26,edwardclarkirw
314,,31,michelleadamsp
328,Daniel Hughes Kirk Liedtke Hewitt,28,danielhugheski
71,Vicky Medina Jesse,20,vickymedinajes
813,Sun Knapp Suiter Nixon,-1,sunknappsuiter
2,Kathleen Sundquist Lunsford,25,kathleensundqu
1021,Cassandra Mahraun,-1,cassandramahra
1180,Sharon Maes Langlinais Walsh Love,36,sharonmaeslang
1166,Lisa Mcmahon Wiggins Wynn Johnson,-1,lisamcmahonwig
729,Hellen Jardine Anderson Green,22,hellenjardinea
831,Arthur Berry,31,arthurberry
809,Matthew Porter,29,matthewporter
1005,Stacey Keene,-1,staceykeene
1102,,26,shanalopezmurp
637,,22,dannywilkessti
451,Doris Walker,40,doriswalker
264,Lois Ledford Coggin Williams Koonce,-1,loisledfordcog
472,Robert Allen Peterson Thomas Lambert,14,robertallenpet
931,Anne Dewitt Wagner Jarrett Maher Baker,32,annedewittwagn
263,,-1,ginarosejones
303,Gail Yarbrough Jorgenson,23,gailyarbroughj
678,Leonardo Smith Okeeffe,-1,leonardosmitho
1104,Michael Williams Bowman Botha Hyland Thompson,23,michaelwilliam
699,John Williams Sanchez Sears Carr Dickinson,-1,johnwilliamssa
1144,John Betz Harper Maurer Shook,18,johnbetzharper
579,Aaron Cheng Holliday,-1,aaronchengholl
658,Carmen Bennett Mcgill,-1,carmenbennettm
125,Timothy Smith Thor Somers,29,timothysmithth
816,Lloyd Champion Bouchard Olson Sanchez Jones,20,lloydchampionb
686,Donna Castaneda Johnson,-1,donnacastaneda
302,Barbara Mcintosh Quinn Donofrio,23,barbaramcintos
530,Ruth Lewis,21,ruthlewis
652,Sylvester Carasco Lombard,-1,sylvestercaras
1099,Greg Lynch Emry,16,greglynchemry
1140,Michelle Liles Rowe Helms Valdez Olinger,37,michellelilesr
78,William Williams Mitchell Landis Scott Evans,26,williamwilliam
482,Stephen Calloway Hendrick Watson,-1,stephencallowa
351,Jimmy Haskins Roeger Williams,-1,jimmyhaskinsro
199,Katheryn Taylor Maxwell Brower Moore Orta,-1,katheryntaylor
115,,15,erinroybaljord
1057,Catherine Morgan Smith Miller Burton,19,catherinemorga
106,,22,helenrutledgej
825,,-1,dianneleleuxma
159,Timothy Cook,40,timothycook
1069,Diana Holsopple Slemmons Sexton Nelson Lamb,-1,dianaholsopple
531,Marcy Perez Mcclintic,-1,marcyperezmccl
573,Edward Brown Mckinney Trujillo Moscowitz Auclair,-1,edwardbrownmck
547,Anisa Garcia,20,anisagarcia
496,Wilma Wright Ball Ave,-1,wilmawrightbal
1044,Janice Mccartt Weatherly,-1,janicemccarttw
468,Jerry Peterson Cook Noble Garcia Davis,31,jerrypetersonc
86,Jeffery Juul,16,jefferyjuul
169,Ryan Laughman Miles Sims,36,ryanlaughmanmi
940,,-1,blairsansomcas
623,James Lackland Calhoun Cogswell Herndon Valerius,-1,jameslacklandc
847,,17,cynthiashealyj
586,,-1,josephguajardo
680,Elizabeth Bishop Towers Gaffney,18,elizabethbisho
109,Doris Hanna Hanlin,-1,dorishannahanl
429,Raymond Hudson Watson Cox,35,raymondhudsonw
217,Jayne Gilley Soto Lee Lozano Levandowski,-1,jaynegilleysot
283,Joan Ratliff Woodward Gaudreau Franklin,40,joanratliffwoo
856,,-1,garygoodsonwoo
147,Eric Darr,-1,ericdarr
242,Jennifer Marshall Watson Smith,37,jennifermarsha
600,Preston Rice Allen Clance Buckley,15,prestonriceall
1060,Mary Myers Wammack,15,marymyerswamma
748,Paul Mosier Mercado Mckenzie,22,paulmosiermerc
613,Sara Gregor,-1,saragregor
657,Robert Rodriguez Newton Navarro Liao,-1,robertrodrigue
643,,26,minnielockmaga
203,,20,myrtlejessenba
760,Isabel Riley Brown Moore,31,isabelrileybro
632,Katie Rand Pauley Segal,-1,katierandpaule
1025,Tiffany Moody Benson,-1,tiffanymoodybe
581,Juan Mcmillen Tagaban Malinski Gatlin,28,juanmcmillenta
753,Melinda Fiedler Fernandez,-1,melindafiedler
1133,Diana Deruyter,-1,dianaderuyter
375,Jack Williams Raneses Hansen Eberheart Charlot,26,jackwilliamsra
761,Lily Sayle Mosley,-1,lilysaylemosle
82,Danny Rodriguez Brown Chapman Stimmel,-1,dannyrodriguez
459,Debbie Bartley Mcdaniel Saenz,-1,debbiebartleym
1130,,14,lindatallcurle
16,Russell Martin Donald Cutler,37,russellmartind
111,,29,lawrencehuggin
647,,30,horacenelsonme
1068,James Alicea Warren Smith,37,jamesaliceawar
888,Cynthia Farmer Young Cline Clay Gomes,-1,cynthiafarmery
151,Joseph Merry,20,josephmerry
319,John Naz Frazier,38,johnnazfrazier
1045,Mary Anderson Terry Alexander,29,maryandersonte
561,Pamela Watson Haynes,24,pamelawatsonha
300,Linda Johnson Eye,15,lindajohnsoney
489,Donald Adolphson Spooner Jones Bonneville Johnson,39,donaldadolphso
101,Maria Johnson,32,mariajohnson
29,,-1,deanmcghee
910,Billy Branner Alvarez Dickey Clark Cordova,25,billybranneral
902,Maria Wolfgram Leeds,-1,mariawolfgraml
469,Benjamin Rico Dedrick,17,benjaminricode
72,Joan Kowalik Martinez,-1,joankowalikmar
659,Jonathan Dombkowski Soto Mueller,-1,jonathandombko
416,Beverly Terry Boyd Mcmillan Ehret,23,beverlyterrybo
875,,20,karlabiercedra
923,Abigail Hall Stimpert May,-1,abigailhallsti
26,Ricky Morin,-1,rickymorin
871,Kelly Watts South Mitchell,-1,kellywattssout
999,Francisco Murray Bond Waggoner,24,franciscomurra
894,,34,dianaspencerme
953,Daniel Price Ray Baldwin Stemmer,-1,danielpriceray
315,Jammie Hudson,38,jammiehudson
620,Terri Waller,-1,terriwaller
222,Rachel Miller Trujillo,15,rachelmillertr
1086,Charles Norman,-1,charlesnorman
900,Andrew Salyer Skeels Mclauglin,24,andrewsalyersk
886,Shelly Gill Barker Floyd Levy,31,shellygillbark
746,William Mcdonald Boyles Jordan,25,williammcdonal
1075,David Byrd Brown Bessemer Jefferson Holladay,-1,davidbyrdbrown
208,Joann Crowe Tooley James,26,joanncrowetool
405,Melissa Luse Lemm Macpherson Sierra Holloway,-1,melissaluselem
814,Dwayne Arroliga Ellis,39,dwaynearroliga
68,Cristina Henson Charlton Turrubiates Carpenter Vargas,-1,cristinahenson
35,Kathleen Merlo Fraise Quinones Hovey Midgette,40,kathleenmerlof
609,Sylvia Mayes,-1,sylviamayes
271,William Mcguire Mitchell Watson Brown Cook,15,williammcguire
998,Laurie Rogers Lawrence,15,laurierogersla
714,Paul Villalpando Knox Thorson Cogliano Curry,36,paulvillalpand
991,,-1,jameshallcohen
131,Carl Nelson Bennett Albin,35,carlnelsonbenn
559,Andrew Ropers Smith Amyotte Barrett,16,andrewroperssm
30,Raymond Toscani,34,raymondtoscani
679,Alejandro Rechtzigel Jacobs,27,alejandrorecht
445,Susan Coon,38,susancoon
553,Robert Pickup Roark Lucas Poulson,21,robertpickupro
213,Walter Wick Williams Schaeffer,25,walterwickwill
1048,Alejandra Bridges Alicea Meyer Callender Small,-1,alejandrabridg
339,Charles Whittington Russell Sheldon,36,charleswhittin
691,Marie Houle Dressler Whitesel Doyle,38,mariehouledres
59,Lawrence Sharp Leatherwood Peyser Buffkin Gowans,25,lawrencesharpl
1002,,31,ellennorrismes
442,Zachary Rottenberg Jenkins Spalding Richards Crawford,35,zacharyrottenb
483,Veronica Dietrich Vega Bryan Bell,15,veronicadietri
223,Flora Storms,21,florastorms
160,Kathleen Murphy Stewart,17,kathleenmurphy
175,Karen Harres Brasure Riley King Stockton,35,karenharresbra
1153,Andrew Depriest,35,andrewdepriest
560,Alicia Spannaus Shaffer,27,aliciaspannaus
327,Neil Vroom,25,neilvroom
641,Valarie Hursh Court Addiego,-1,valariehurshco
799,,-1,cathyvalenciab
622,,16,georgeanderson
243,Barbara Hart Huston Hernandez Moore,21,barbaraharthus
941,Leslie Ramirez Guevara Esler,40,leslieramirezg
1147,William Creamer Rodriguez Miyasato King,23,williamcreamer
1161,Laura Natali Davis Holliman,39,lauranatalidav
261,Michael Phillips Dickinson Dunn,-1,michaelphillip
1191,Kristine Mckinney,23,kristinemckinn
139,Claudine Weiss Stephens Brick Richardson,-1,claudineweisss
976,,34,barbaraboersma
409,Leonard Chua Daniels Christian Guevara Gonzalez,-1,leonardchuadan
460,Louis Wood Bonnell Barclay Brown Evans,-1,louiswoodbonne
1093,Judy Klein Ashby,14,judykleinashby
649,,32,michaelclarkwh
43,Dolores Keaton Potter Ly Rollins,-1,doloreskeatonp
1066,Oscar Bailie Williams Hamilton Byrd,-1,oscarbailiewil
705,Margaret Yodis Baillargeon Ruby Blue Henning,36,margaretyodisb
464,Silas Hamm Marrin Stevenson,35,silashammmarri
154,Herminia Bonita Jones Parker Hughes,33,herminiabonita
1118,Kathryn Spiegler Porada Cave,37,kathrynspiegle
42,Leonard Holman Holm Bleiweiss Rush,-1,leonardholmanh
461,Gerald Chicas Dyson Jackson Saenz,40,geraldchicasdy
457,Reuben Buddenhagen Bromley Bednarczyk Tomer Kash,22,reubenbuddenha
684,Miguel Smith Willingham,29,miguelsmithwil
592,Louise Hendrix Robinson Vigo Bonelli Baxter,-1,louisehendrixr
1158,Don Valdez Sanchez Salido,15,donvaldezsanch
797,Lonnie Chavez Bradway,35,lonniechavezbr
305,Elizabeth Webster Vandyke Hicks,-1,elizabethwebst
6,Kevin French William James Sumner,-1,kevinfrenchwil
744,Vicki Lemke Strickland,26,vickilemkestri
411,Cindy Hodges,34,cindyhodges
907,Sherman Overlock Dhondt Hammond Hood,24,shermanoverloc
706,Angel Davidson,-1,angeldavidson
478,Jennifer Hummel,-1,jenniferhummel
838,Tracey Lopes Dobiesz Garcia Nielson,-1,traceylopesdob
259,Dulce Holliman Carlisle Conklin,34,dulcehollimanc
660,Charles David Bressette Edge,32,charlesdavidbr
669,Seth Borthwick,-1,sethborthwick
690,Johnny Krammes Riddle,23,johnnykrammesr
628,Jill Kanter Pfaff,16,jillkanterpfaf
1138,,-1,larryturnerpea
1170,Thomas Johnston,-1,thomasjohnston
273,Hector Courtney Gross,-1,hectorcourtney
170,Rosa Lankford Viars Haines,-1,rosalankfordvi
230,Jose Baccus Stumbaugh,-1,josebaccusstum
697,,26,donalddixonbro
1065,Ruth Kelly Bundy Martinez Skousen Gordon,19,ruthkellybundy
868,Lauren Swope Clay Schorn Levins Anderson,26,laurenswopecla
1067,Daniel Owens Lee Crawford,36,danielowenslee
513,Catherine Foster Smith Vestal Mitchell,-1,catherinefoste
455,Sergio Eiland,15,sergioeiland
335,,34,jennifermichls
807,Herschel Palmer Goodwin Cunanan,18,herschelpalmer
366,Veronica Klein Hobbs Ceballos Devoe,-1,veronicakleinh
758,Phyllis Noble Crouch Phillips,-1,phyllisnoblecr
611,Clara Tannehill Ingram Williams Wilson Hedges,-1,claratannehill
539,Brad Jennings Richter Sandahl Proffitt Onks,-1,bradjenningsri
10,Douglas Bucio,-1,douglasbucio
326,Nicholas Hamilton Aronow Brown,24,nicholashamilt
120,Albert Reza Medeiros Baker Brackeen,31,albertrezamede
1043,,39,robertjeffries
140,Jean Draughn Rzeszutko Hampton,-1,jeandraughnrze
969,Andrew Ellis,-1,andrewellis
980,Timothy Stieger Ramsay Harrison Covello,-1,timothystieger
446,Deborah Carr,-1,deborahcarr
918,Elizabeth Phan Kreisler Fretwell Gray,25,elizabethphank
994,Edward Poisson Walsh Daniels Pacheco,20,edwardpoissonw
1119,Olin Autery Brown Mallow Tate Clark,28,olinauterybrow
779,Thomas Arno Jones Drumgoole Schubert,-1,thomasarnojone
583,Robert Rhinehart Buchner Valerius Sylvester,-1,robertrhinehar
808,John Dawkins Greenwood Cousin Wassinger Barkan,-1,johndawkinsgre
601,Ernest Sykora Templeton Contreras Galvez,37,ernestsykorate
520,Madeline Truesdell,-1,madelinetruesd
1015,Lori Tyler Rudio Kelly Lehmann Hammons,-1,loritylerrudio
1112,Tyrone Mccleary Craft Burkhard Green Komsthoeft,26,tyronemccleary
17,Lori Wiedmann Logue Campbell Garcia Harvey,-1,loriwiedmannlo
675,Geraldine Kittel,26,geraldinekitte
397,Reed Barut,27,reedbarut
466,Amanda Klein Milton Rhodes White Toole,-1,amandakleinmil
294,Mattie Mona Bledsaw Robertson,39,mattiemonabled
803,Stevie Wheeler Desroches Watson Harris,20,steviewheelerd
210,,35,tamarafrijalim
1094,Randall Kilkenny Henry,31,randallkilkenn
144,Shawn Kelso,-1,shawnkelso
97,Steven Bennerson,15,stevenbennerso
599,,31,joyplotthills
956,John Despard Commons,-1,johndespardcom
971,Juliana Farley Cedar Lyles,33,julianafarleyc
64,,40,williebrackwoo
1103,Michael Foster Leeper Weber Newton,-1,michaelfosterl
730,Randy Sailors,34,randysailors
96,Sara Greene Pierce Emerson,21,saragreenepier
7,Stephanie Rodrigue,-1,stephanierodri
3,,-1,edwinhamptonwa
299,Susan Orozco Smith Williams Duncan White,39,susanorozcosmi
1078,Gladys Scott,16,gladysscott
45,,19,richardburgess
722,Diane Snyder Sharp Cole,-1,dianesnydersha
1006,Rosalva Adams Rodriguez Greene Wittner,-1,rosalvaadamsro
993,James Thomas Gomez Schoettmer,-1,jamesthomasgom
715,Crystal Bohr Dulaney,15,crystalbohrdul
990,Andre Housman,28,andrehousman
510,Pamela Allen Dahl Dawson Monroe Tee,32,pamelaallendah
84,Eddie Moody Hicks,-1,eddiemoodyhick
462,,-1,johnvillalpand
532,Ashley Cotto Ecton Runyon Sutton Wehling,-1,ashleycottoect
873,William Lemay Gilligan Burbank Gilman Primm,24,williamlemaygi
575,Jerry Sanders,-1,jerrysanders
625,Lilian Mccracken Swain Meyer,30,lilianmccracke
928,Kenneth Little Vanscoy Tyler,31,kennethlittlev
587,,31,maryallred
1156,Kristen Mckenzie Lucero,-1,kristenmckenzi
1173,Ernestine Moore Barbre,-1,ernestinemoore
720,Marcos Powers Amaral Davis,29,marcospowersam
392,Brad Green,40,bradgreen
420,Maggie Browning Rivera Lee,-1,maggiebrowning
410,Kimberly Metz Gebhardt West Dennard,-1,kimberlymetzge
1139,Alex Clark Goldberg Nichols Rodriguez Wisdom,38,alexclarkgoldb
163,Bruce Florez Depedro Caruso Edwards Lincoln,-1,bruceflorezdep
408,Susan Valsin Robinson Sipes Bailey,36,susanvalsinrob
338,Robert Pane Weaver Harris Dial Kim,36,robertpaneweav
764,Sue Oakley Butler,-1,sueoakleybutle
337,Allyson Everett Myott Cooper Socia Smith,-1,allysoneverett
857,Ruth King,37,ruthking
1190,Marvin Sliwa,-1,marvinsliwa
422,Derrick Singh Woodworth Carnahan,-1,derricksinghwo
47,Joann Zarate Stakkeland,-1,joannzaratesta
383,Joseph Obrien Albright Quint Rook,29,josephobrienal
1081,John Bennett Haney Grady,28,johnbennetthan
196,Jermaine Vaughn Manriquez Kneser Black Dusseault,-1,jermainevaughn
415,Patricia Hart Rothenberg Karr Hohnstein Masin,22,patriciahartro
130,,-1,scotthutcheson
1199,David French Walls Gunter Radebaugh,20,davidfrenchwal
463,Mauricio Wright Oates Johnson Mccoy Prado,-1,mauriciowright
146,Laverne Creagh George,-1,lavernecreaghg
80,Clyde Hill Whitworth Mcvay Hudkins Cardenas,-1,clydehillwhitw
481,,23,martinhudson
1193,Rose Howse Jackson Flook,30,rosehowsejacks
63,William Crawford Eden Carden Mayo Retchless,37,williamcrawfor
488,,40,susanbutlerpru
909,Carolyn Swanson Smith Schaunaman Goggins Breed,-1,carolynswanson
272,Diego Thompson Parker Nabors,35,diegothompsonp
700,Bobby Rader Becker Corbett,-1,bobbyraderbeck
996,Zoe Schade Scovill,-1,zoeschadescovi
1027,John Mohan Peters Hammond Van Lopez,32,johnmohanpeter
802,Holly Stensrud Kaczorowski West Raney,21,hollystensrudk
266,Chester Barnhill,-1,chesterbarnhil
1013,Edward Rouse Bass Call,-1,edwardrousebas
889,Larry Diamond Osullivan Braswell Arvesen Massengale,-1,larrydiamondos
876,Kerry Mobley Jones,38,kerrymobleyjon
984,Gretchen Bitner Victorero,33,gretchenbitner
1194,Lee Padgett Belk Soto Biddix,26,leepadgettbelk
893,Rod Evans Hightower Shaw,-1,rodevanshighto
1022,Maryellen Santistevan Wright Lasater Flenory Maclean,24,maryellensanti
83,Olen Reed Feith Vanhouten Tetreault Pescatore,36,olenreedfeithv
511,Vivian Au Ritchie,14,vivianauritchi
602,Bertha Hill Reasor Baca,20,berthahillreas
356,Lorraine Riker Berry Wilkerson Martin Jungling,15,lorrainerikerb
73,Connie Butler Sargent Locks Rubio Bravo,38,conniebutlersa
1188,Barbara Ferreira Quiroz,26,barbaraferreir
794,Lillian Fick Meeks,16,lillianfickmee
195,,17,taramillslopez
251,,31,charlessmithdo
908,Barbara Elliott Lee,34,barbaraelliott
874,Curtis Blair Bumgardner Jenkins Mcdonald Myers,23,curtisblairbum
801,Joel George,-1,joelgeorge
25,,36,lonniehughesgo
334,Patricia Hash,24,patriciahash
638,Alisa Smith Richardson Montanez Amaya Soto,24,alisasmithrich
1105,Ronald Chapman Gillespie,21,ronaldchapmang
313,Calvin Stamps Runnels Folger Crawley,26,calvinstampsru
399,,23,elizabethcookb
176,Benjamin Lambert Gillard,40,benjaminlamber
67,Arthur Mcguire Dullea Lawrence Hoffarth Soto,-1,arthurmcguired
346,Alfonso Mcmanis Harris,-1,alfonsomcmanis
342,Caroline Rodriguez Baranowski Davis,-1,carolinerodrig
296,Louise Roberts Mensik,22,louiserobertsm
759,,15,logansamplesmu
374,Deborah Dziuk Mills Ford Pizzo,19,deborahdziukmi
855,William Pinchback Hilliard Leigh Donnelly Dobrinin,25,williampinchba
537,James Grantham,40,jamesgrantham
731,,-1,genehailerosma
1008,Sean Carney Bray Kamiya,-1,seancarneybray
373,William Alexander Morgan,15,williamalexand
1011,Janeen Fox,39,janeenfox
741,Joseph Hurt Miron Bey Soto,38,josephhurtmiro
719,Justin Osborn Figueroa,21,justinosbornfi
667,Philip Basey Horth Tracey,40,philipbaseyhor
947,Micheline Thompson Aragon Fritz Humphries,37,michelinethomp
974,Sherrie Contreras,-1,sherriecontrer
624,Maria Walke,-1,mariawalke
896,Tracy Denmon Harding,-1,tracydenmonhar
901,,-1,rebeccapiccoli
528,,36,susanwhitmire
870,Mildred Arnold Betz Nichols Robertson,32,mildredarnoldb
863,Penny Michalski Costales Bonner Bruns Harkins,-1,pennymichalski
286,Roslyn Lee,39,roslynlee
200,,15,fredericksmith
832,April Myers Elliott,-1,aprilmyerselli
1117,Vern Rios,-1,vernrios
244,Vanessa Price,-1,vanessaprice
15,Dorothy Whitehead Moore Griffith,38,dorothywhitehe
1114,Susan Beal,-1,susanbeal
721,Jason Loveland Mack Carbonaro,-1,jasonlovelandm
859,Susan Grissom Westmoreland Fenton,21,susangrissomwe
534,Stephen Lim Smith Smith,-1,stephenlimsmit
885,Christopher Gillespie,32,christophergil
696,Obdulia Pigg Mccormick,15,obduliapiggmcc
851,,-1,veolahoney
54,Shari Hall,-1,sharihall
108,David Baldwin Bowles Fauntleroy Velasquez,20,davidbaldwinbo
1051,Brendon Sanders Winters,-1,brendonsanders
355,,17,dawneverymoore
274,,17,williampagekep
743,,-1,rebeccarandleh
145,Robert Kabat Slostad Farrell,-1,robertkabatslo
12,John Nelson Seals,-1,johnnelsonseal
556,Gary Bowser Hosey Cano Conklin Debnam,-1,garybowserhose
981,Samuel Hanselman Sneller Crafton Lanier Perrin,-1,samuelhanselma
621,Billy Hubbert,-1,billyhubbert
932,Gale Latson Orosco Nimmons Savala,40,galelatsonoros
1137,Shane Kielbasa Collett Murphy Fitzgerald Welborn,17,shanekielbasac
773,Floyd Dubicki Poissant,-1,floyddubickipo
156,Leota Starnes Miller Pipes,-1,leotastarnesmi
671,Rosie Mohr Badger Ruel,-1,rosiemohrbadge
1014,Terresa Denning Valdez Johnson Miles,17,terresadenning
588,Stephen Uccio Plaskett Howorth Kemp,30,stephenucciopl
552,Bula Ramsey,20,bularamsey
904,Kirby Mcdaniel Rine Vanbebber Kelly Morrill,-1,kirbymcdanielr
580,Rita Reveal Wagner Whitfield Every,-1,ritarevealwagn
817,Craig Caro Stewart Nelson Collins,23,craigcarostewa
404,Lillie Jacobs Beam Spaur Spegal Lo,-1,lilliejacobsbe
252,Stewart Tacy Johnson Soto Gibson Ramirez,-1,stewarttacyjoh
651,Trent Hendricks Givens Woods,40,trenthendricks
275,Donna Tucker Joshi Porter Callahan Meyers,24,donnatuckerjos
521,Susan Gibbon,-1,susangibbon
627,,-1,marilynthorpbe
141,,38,kyledavischoy
238,,33,laurayaneswatk
508,Markus Sealey Berezny Deck Benally Roche,-1,markussealeybe
527,Herminia Russell Jimenez,22,herminiarussel
526,Grace Morrow Lorenzo,39,gracemorrowlor
402,Kathy Schenk Callaway,-1,kathyschenkcal
1029,Chung Hancock,-1,chunghancock
828,Douglas Davis Dodge,-1,douglasdavisdo
795,Betty Schwarz Blair Monteros,27,bettyschwarzbl
362,Monica Mcdaniels Cantrell Bonds Miller Bivens,-1,monicamcdaniel
1160,,19,henryabnetmach
829,,30,christopherthu
906,Cornelia Seeholzer Sarnicola Leibowitz,22,corneliaseehol
689,,40,gaylareevesber
417,David Smith Rosas Gregg,20,davidsmithrosa
507,Lee Lecompte Thode Wilson Gardner,-1,leelecomptetho
619,,19,rodneyfelderma
1100,,-1,alfredkuhngonz
211,Nicole Robles,-1,nicolerobles
179,Joan Boykin Mcraney,22,joanboykinmcra
776,Terry Stancil Garcia Lainhart,36,terrystancilga
986,Zachary Armenta Lopez Lambert Harrell Torres,26,zacharyarmenta
285,John Mayhew Carlton Ramos,20,johnmayhewcarl
102,Dorothy Robinson Zeller Breen,35,dorothyrobinso
1184,Brandon Popielarczyk,34,brandonpopiela
430,Jean Walker,-1,jeanwalker
921,Jerome London Flax,-1,jeromelondonfl
306,Raymond Williams Morrison Lewis Cochrane,-1,raymondwilliam
1126,Elena Santiago Conger Prestwich,30,elenasantiagoc
387,Thomas Davis,40,thomasdavis
216,John Bergeron,34,johnbergeron
439,,28,josehamlervien
1162,Sheila Pool Sutton Rodriguez Poland Kennedy,36,sheilapoolsutt
227,,-1,thomashawley
827,Tammy Gunderson Howell Johnson Brown,27,tammygunderson
957,Debra Hodges Privett Mccurdy Gustin Piccard,36,debrahodgespri
1152,Linda Gonzalez,28,lindagonzalez
74,Leslie Kinsey Hayes Cancilla Miller,25,lesliekinseyha
890,Ellen Rolen Thuss Puotinen Russo,-1,ellenrolenthus
543,Nicole Pulcher Courter Fischer Smith Ovitt,14,nicolepulcherc
184,,18,arnoldkiserhar
529,Carl Heiser Turner,30,carlheiserturn
502,Mayra Williams Peck Andersen Dieter Provencal,26,mayrawilliamsp
52,Darrin Lopez Sparks Ramsey Lorenz Haines,-1,darrinlopezspa
629,Antoine Griffin Iredale,38,antoinegriffin
616,William Mcneil Tillman Weuve Pickrell,-1,williammcneilt
805,James Herron Voss Daggett,-1,jamesherronvos
155,Denis Nowlin Ward Solem Rodenberg,-1,denisnowlinwar
484,Jose Crowe,-1,josecrowe
209,Sarah Mesa Johnson Rego Alcorn Hall,-1,sarahmesajohns
550,Myles Hawkins,24,myleshawkins
774,,-1,royhaddockelli
1089,,-1,eloiseewald
1031,,19,steveneubankss
615,,34,andrewgoldenjo
132,,35,raulmartelrich
364,Clayton Sites Hernandez,-1,claytonsiteshe
284,Walter Johnston Kenney Hudson Bussey Burns,-1,walterjohnston
206,Beverly Quintero,-1,beverlyquinter
1097,,21,elvinnolascobr
630,,38,ericcarlanlang
1010,,35,curtishallcole
612,Betty Hiraldo Button Schmidt Bond,38,bettyhiraldobu
77,Deena Rosa Harris Riddle Austin,16,deenarosaharri
1040,Kathy Theus,-1,kathytheus
1124,Charles Vidal Lahip,40,charlesvidalla
536,Angela Longacre Johnson Aguilar,23,angelalongacre
979,Larry Vanconant Gammon,31,larryvanconant
955,Bobby Harris,27,bobbyharris
168,Brian Torres Tompson,20,briantorrestom
710,Carol Ciciora Jensen Courtney Reese Jones,20,carolcicioraje
782,Jane Graves,30,janegraves
307,Howard Takahashi Voss Jones Alejandro,34,howardtakahash
982,Pedro Richardson Kuck Rockhill Peters Peterson,17,pedrorichardso
247,Angie Glenn,25,angieglenn
1018,Priscilla Sayers Salazar Latigo Kimmel Plunk,29,priscillasayer
65,Lorri Soderquist,37,lorrisoderquis
775,Laura Moon Roselli,-1,lauramoonrosel
231,Mary Ruiz Ladner Olsen Halyk Ballard,-1,maryruizladner
60,,29,earlcartwright
172,Roberta Young Wood Bingaman Barr Boren,-1,robertayoungwo
432,Virginia Sullivan Polson Trujillo Wilson Arnold,-1,virginiasulliv
642,Bobby Hooten Goins Moore,16,bobbyhootengoi
1116,Robin Wontor Hudson Han Schilling,32,robinwontorhud
425,Peter Ruderman Odegard Turner Rule,-1,peterrudermano
749,Amy Ellis Hansen Giddens Jenkins Lobue,-1,amyellishansen
1098,Bessie Wiley Ray Vanos,24,bessiewileyray
8,Benjamin Grooms Hurley,-1,benjamingrooms
278,,31,nelliecarlsona
791,Joshua Thomas Marchiori,17,joshuathomasma
1141,Vicki Dickson Newton Garrett Brandwein Kirk,-1,vickidicksonne
544,Alejandrina Buchanan Canby,-1,alejandrinabuc
1149,Robert Swain Abram Evans Herrington,21,robertswainabr
574,Julie Mavraganis,24,juliemavragani
1023,Veronica Dawson Alvarado Simonis,-1,veronicadawson
987,Benjamin Sisk,15,benjaminsisk
406,Thomas Logan Donahue,40,thomaslogandon
724,Sylvia Mensing Adams Delrie,-1,sylviamensinga
214,Ingrid Allen Broach Davis,-1,ingridallenbro
423,Gary Mcconnell Owsley Johnson Anderson Rudolph,22,garymcconnello
393,Bobby Cooke Leonard Swift Krewson,26,bobbycookeleon
1063,Jason Rezac,24,jasonrezac
830,Andy Smith Lawler Henderson Risch,29,andysmithlawle
198,Benjamin Doughty Jones Moore,-1,benjamindought
768,Margaret Eldridge Never Maxwell Myers,-1,margareteldrid
467,Benjamin Olmstead Lail Park Birkline,34,benjaminolmste
913,Christi Thomas Lybert Chappell,33,christithomasl
617,Sam Pina,-1,sampina
269,Robert Buresh Hartsock,21,robertbureshha
368,Claudia Hineline Scott Packard Lovins,18,claudiahinelin
1046,John Siebold King Farley English,-1,johnsieboldkin
1177,Billy Cambareri Ballesteros Olson Diaz Waller,32,billycambareri
843,Henry Brooks Johnson Murdock Risenhoover Cooks,-1,henrybrooksjoh
456,Scott Balsamo Eckerson Ward,-1,scottbalsamoec
633,Barbara Estes,-1,barbaraestes
1,Zachary Machado Ratcliff Mercado,37,zacharymachado
677,Jesse Kelly Daniels Smith Cooper,17,jessekellydani
167,Jocelyn Locke Harper Pineda Gray,-1,jocelynlockeha
734,,-1,peterfarrow
925,Joseph White Pope,30,josephwhitepop
1047,,-1,charliecurlkan
234,Esther Burton Simpson Villanueva Walsh,18,estherburtonsi
311,Rudolf Longo Bates Hurd,-1,rudolflongobat
610,Alan Martin Bobbitt Alley Donovan,34,alanmartinbobb
1154,,15,betsywalsh
123,Anna Bunting Mcbride Miller Ivy,37,annabuntingmcb
970,Brian Dupuis Singletary,28,briandupuissin
735,Tammy Johnson Howard,20,tammyjohnsonho
414,Veronica Sones,-1,veronicasones
898,Daniel Armendariz Lapuerta Stollsteimer Manning,36,danielarmendar
519,,35,lindadorityzbi
1009,,26,arthurshislerb
1079,Rick Morton Kelly Campanelli Wien,-1,rickmortonkell
343,Jenifer Brown Whitney Tamborlane,-1,jeniferbrownwh
826,Robert Nunnenkamp Meyer Storey Simons Hinton,30,robertnunnenka
128,Debra Laurie Higgins Lewis Mitchell Jimenez,25,debralauriehig
113,Michael Nelson Rodriguez,31,michaelnelsonr
989,,-1,johnnielampher
983,Bobby Jefferson Taft,28,bobbyjefferson
608,,19,sherylgainsbla
88,Curtis Moore Mahone,-1,curtismooremah
772,,34,vincentmarusak
784,Brian Ash Czachorowski Morrison Sanders Miller,24,brianashczacho
804,Ruth Marquis Wang Hanks,18,ruthmarquiswan
1159,Vince Pua Desousa Stuart,24,vincepuadesous
13,Michelle Stoner Hammond Hunter Ngo,-1,michellestoner
789,Jenny Stanier Bowers Jones Seiersen Sevillano,-1,jennystanierbo
962,Cleo Carpenter Holguin Jahn Mueller,29,cleocarpenterh
988,Matthew Dadson,37,matthewdadson
394,Glenna Walsh,-1,glennawalsh
626,Manuel Segura,-1,manuelsegura
920,Howard Gonzales Jones Dalphonse,35,howardgonzales
541,Nina Munoz Harris Enriquez Wildman,-1,ninamunozharri
1189,William Johnson Hartford Potter Zazula,24,williamjohnson
819,Arlene Blanco Woodard Barr Loven Norris,-1,arleneblancowo
173,Christina Tso Scott,-1,christinatsosc
514,Victor Moore Maxwell Reams Green Kornreich,-1,victormooremax
745,Michael Preston Holland Withers Blanton Coulter,16,michaelpreston
166,Ronald Denton Rosado Snyder Baldwin,26,ronalddentonro
1121,Robert Tubbs Brown Carroll Mervis Molina,35,roberttubbsbro
598,Jo Terry Beauprez Dykes,-1,joterrybeaupre
869,Gloria Schwieger Zanchez Brown,29,gloriaschwiege
756,,-1,willieodelldre
49,Matthew Boehm,30,matthewboehm
308,Richard Tyler Davis Herrera Graham,-1,richardtylerda
1176,Mary Moll Perry Belkowski Lopez,-1,marymollperryb
152,Christopher Bellerose Daniels,22,christopherbel
770,Antoinette Peters Reeves Ellis Baldwin,34,antoinettepete
867,Naomi Gutierrez Permenter Murphy Welch Conner,18,naomigutierrez
1019,Bonnie Hoffman Draper Murray Martinez Smith,32,bonniehoffmand
180,Ashley Freas,-1,ashleyfreas
1107,Willy Noriega Pugh,-1,willynoriegapu
495,Betty Timothy Roberrtson,32,bettytimothyro
449,Erin Barbara Williams Montano,36,erinbarbarawil
509,Todd Cobos Vigue Mccormick Liles,35,toddcobosvigue
750,Isabell Brown Ramirez Morgan,26,isabellbrownra
426,Tara Person Hall Breaux Pacheco,25,tarapersonhall
401,,15,anthonymosherm
654,Gregory Rhew Clark,16,gregoryrhewcla
436,Mary Creamer Avant Gonzalez Mixon,16,marycreamerava
846,,34,jacquelineniss
960,Clyde Jackson Heidebrecht Solarz Williams,-1,clydejacksonhe
860,William Westendorf Daniel Davis,35,williamwestend
845,Karen Rudd Crowley Horn Hitt,28,karenruddcrowl
762,Alma Vasko,31,almavasko
477,Gladys Palermo,31,gladyspalermo
9,Susan Hunstad Anderson Robles Stevens,19,susanhunstadan
1017,Ross Gannon Perez Ayers,28,rossgannonpere
268,Marty Caspari Campisi Miesner,31,martycasparica
85,Keith Jacques,-1,keithjacques
681,,15,lenacecena
1087,David Feezell Elkins Taylor Forster Gault,38,davidfeezellel
727,Laura Klena Anderson Jackson,35,lauraklenaande
880,Josephine Lyons,-1,josephinelyons
340,Michael Hightower Johnson,23,michaelhightow
249,Breanna Trout Lyons Williams,16,breannatroutly
1171,Jennifer Hall Autery,17,jenniferhallau
289,John Roundy Bolebruch Notti Wolak,38,johnroundybole
437,Alfredo Mckinney Logan Wilson,38,alfredomckinne
992,Glenn Weckerly Kriegel Reagon Marble Zordan,25,glennweckerlyk
24,Ryan Shulda Davis Coffey,34,ryanshuldadavi
1050,Charles Perry Deloye Brown,-1,charlesperryde
349,Tisa Fogarty Laforce Walker Womer Simpson,-1,tisafogartylaf
763,Viola Caron Rash Vaughn,-1,violacaronrash
850,Angela Guymon,-1,angelaguymon
516,,32,debrarogerszha
606,,-1,nadineadame
704,Benjamin Blackwell Schermann Land,-1,benjaminblackw
325,Joseph Monk,23,josephmonk
181,,35,jameskendrick
740,Anita Edwards Crutcher Varney Carraway,18,anitaedwardscr
332,Gladys Gonzalez Bachman Betance,30,gladysgonzalez
348,Victoria Hare Warren Kelly Thompson,32,victoriaharewa
881,Brenda Dunmire,22,brendadunmire
297,,35,susangill
1131,Charles Branscum,27,charlesbranscu
792,,17,kimberlylemieu
793,,35,danabriggs
1000,Paul Talamantes Webb Hicks Rogers,-1,paultalamantes
899,Roger Welton Hahn Deaton Greenleaf Langley,-1,rogerweltonhah
265,Adrian Glessner Greene Hyman,-1,adrianglessner
717,Adrienne Ozuna,36,adrienneozuna
747,,37,melaniablalock
1181,,-1,conniemayharlo
525,John Williams Vetter Thompson Bragg Oberholtzer,21,johnwilliamsve
933,Manuel Thompson Jordan Benge Belyoussian,16,manuelthompson
951,Sally Ramesh Kelly Burton Ostermann,32,sallyrameshkel
105,Douglas Mcclelland,37,douglasmcclell
1039,Frank Thompson,19,frankthompson
663,,39,rafaeldenislaw
820,Cecil Wadsworth Taylor Miller Blash,-1,cecilwadsworth
185,,21,scottmucciolow
944,Victor Simmons Simmon,23,victorsimmonss
517,Alicia Quach Fortner,25,aliciaquachfor
23,Mary Healy Minor Stephens Roberts,-1,maryhealyminor
664,Janet Blaser,15,janetblaser
919,Paulita Schultz,31,paulitaschultz
470,,-1,virginiagrantc
840,Brian Toth Mclarney Pidro,35,briantothmclar
1030,Betty Landeros Harness Mason,14,bettylanderosh
757,Lori Mathison Deleon,30,lorimathisonde
310,Pamela Cribbs Mullins,28,pamelacribbsmu
424,Alice Mongelli Zack Brown Thompson,30,alicemongelliz
765,Sherman Bruhn Tomopoulos,35,shermanbruhnto
53,,-1,antoniaselmerj
661,Stephen Rosenbeck,26,stephenrosenbe
329,Effie Hollars Day Sublett Coleson Granger,26,effiehollarsda
650,Gilberto Hall Kyle Cruz Craig Wilson,17,gilbertohallky
545,Rebecca Hinkle Toth Pope Smith,36,rebeccahinklet
350,,-1,ramonaischthom
1178,,24,jamesjohnsonsa
178,Carmen Grondin,-1,carmengrondin
959,John Evanich Moses Doster Hanley,33,johnevanichmos
246,Yolanda Hartfield Winston Craven Easton Breaud,16,yolandahartfie
66,,-1,paulbutler
183,Lawrence Denis Smith Wheeler Leavitt,-1,lawrencedeniss
312,Adam Watts Gale Ibarra Gray Parlato,35,adamwattsgalei
148,,22,richardarominr
1172,Theresa Nelson Carlisle Cahn Cardenas Harris,-1,theresanelsonc
201,James Lewis Flowers Cox Davis,37,jameslewisflow
317,Francis Blankenship Peterson,-1,francisblanken
538,Alma Duchesne Frank Sabir Kyle,-1,almaduchesnefr
359,Kyong Cooper,-1,kyongcooper
219,Natalie Jarrell Nason Lary Mccauley Scott,18,nataliejarrell
237,Kathy Miller Makinen,27,kathymillermak
566,Jesse Nelson,-1,jessenelson
479,Cedric Doung Brandenburg Gaytan,14,cedricdoungbra
260,Kimberly Craig Cauthon Adamson,-1,kimberlycraigc
713,,33,tamarabaughjac
1076,Janet Shuman,30,janetshuman
389,Maggie Delaney,22,maggiedelaney
157,Benjamin Allison,38,benjaminalliso
596,William Richardson Giacchino Wang Garman,-1,williamrichard
1136,Catherine Mccurley Hastings Saavedra Dugue Strickland,28,catherinemccur
229,Elizabeth Victor Moran Hagan Call Cheever,17,elizabethvicto
487,Tammy Adams Satterfield Lambert Glandon Mcelroy,-1,tammyadamssatt
597,Arthur Davis Dahlberg Marthe Puentes Reem,36,arthurdavisdah
769,Eleanor Hubbard Caylor,-1,eleanorhubbard
810,Tony Tvedt Maldonado,32,tonytvedtmaldo
554,Brady Navarro Parker Hunt,15,bradynavarropa
570,Theodora Weatherford,-1,theodoraweathe
965,Michael Lewis Moore Hanson Mclaughlin Burge,31,michaellewismo
382,Mary Westmoreland Chumley Goforth Morris Anderson,17,marywestmorela
1110,Sonja Boxx,-1,sonjaboxx
1059,Roger Flores Holliman Bronson Quinonez Doty,39,rogerfloreshol
1196,Catherine Gorman Williams Bowman,-1,catherinegorma
927,Carol Johnston Schultz,34,caroljohnstons
241,Mark Mccarty Stanley Woo,-1,markmccartysta
1035,James Hess Darby,31,jameshessdarby
915,Timothy Vannorman Clouston Bass,18,timothyvannorm
193,Frieda Anderson Goble Matthews Davis,-1,friedaanderson
360,Scott Skinner Tucker,-1,scottskinnertu
116,,19,angelagonzalez
99,Raymond White Hughes,31,raymondwhitehu
93,Christina Boock Bixby Grubb,37,christinaboock
91,Nancy Harris Tucker Michl Caldwell,-1,nancyharristuc
1185,,23,michaelcooperk
849,David Harris George Miller Vancleave,-1,davidharrisgeo
398,Doris Klauer Hardwick Sloan Sands Hailey,14,dorisklauerhar
655,Richard Allen Moroney Harvey,-1,richardallenmo
33,Edward Davis Milne Thompson,-1,edwarddavismil
618,Shirley Bates Schweitzer Scinto Montgomery Iwanowski,29,shirleybatessc
584,Junior Book Zatorski Adair,-1,juniorbookzato
485,Patsy Collins Harsh Moore Lattimore Burton,20,patsycollinsha
14,Betty Delvalle Toman Simon,34,bettydelvallet
352,James Stringfellow,40,jamesstringfel
255,Susana Tickle Turner Pratt Paine,16,susanatickletu
1090,Ken Lohr,26,kenlohr
593,Rachael Blackmore,23,rachaelblackmo
726,Mary Lindsay Girard Bousquet,37,marylindsaygir
852,Cliff Castellanos Smith,-1,cliffcastellan
1132,Rose Birch,32,rosebirch
114,Robert Holman Dennis Bryan,23,robertholmande
911,Harold Jones Ridgeway Knight Matthews,24,haroldjonesrid
190,Mary Mckee Beam,37,marymckeebeam
939,Wanda Novoa,18,wandanovoa
174,Rosa Fletcher Haine Solis,-1,rosafletcherha
150,Florence Velasquez Mcdonald Gammon Baez,34,florencevelasq
1186,Nathan Haley Cline Hiett,33,nathanhaleycli
787,,14,patriciaguillo
1024,,32,kimberlybricke
594,Richard Cobbs Jean Crosby,-1,richardcobbsje
903,Susan Harris Zickefoose Norman,29,susanharriszic
1187,Marylou Disimone Anthony,23,maryloudisimon
292,Daniel Trent Johnson Auclair,-1,danieltrentjoh
788,Sarah Berry,25,sarahberry
551,Josephine Rosenberger Tucker,-1,josephinerosen
95,Mary Bohler Cruz Ferry,23,marybohlercruz
447,Carlton Young Noonkester,31,carltonyoungno
1001,Kristi Loveland Best,35,kristiloveland
1071,Jacqueline Dunn Wilson White Parrish Blaylock,22,jacquelinedunn
162,Jena Romanick Canon Tennyson Peterson Dalton,-1,jenaromanickca
110,Michael Hardin Shull Borgeson,17,michaelhardins
1037,Tasha Iverson Delvalle Marin Pickup Griffin,39,tashaiversonde
798,,38,michellerehkop
806,Michael Archuleta Matthews Craig Moody,-1,michaelarchule
739,Ignacio Stone Sloan Bradley Warren,-1,ignaciostonesl
194,Eleanor Clark Blass Burridge Casados,26,eleanorclarkbl
304,Michael Hartman,17,michaelhartman
1052,Verlene Nichols Cairns Williams Foresta Parsons,35,verlenenichols
376,Sonny Sykes Rheaume Miller Morrow Zimmerman,25,sonnysykesrhea
693,,-1,cruzfullerflin
189,Austin Knight Hughes,36,austinknighthu
353,Linda Cram,-1,lindacram
1123,,19,elainetreaseco
330,Irma Geller Hutchison Bevelacqua,18,irmagellerhutc
56,Shane Jackson Parker Williams,29,shanejacksonpa
823,Floyd Aldrich Kelly,-1,floydaldrichke
751,Sara Black,14,sarablack
51,,-1,joserogers
142,Geraldine Simon Holland Graham Stpierre,25,geraldinesimon
458,Nancy Trask Parker Nunez Ibarra Humphries,34,nancytraskpark
291,Lisa Brooks,-1,lisabrooks
836,Patricia Littleton Godbey Taylor,16,patricialittle
418,Janette Saenz Tyner Murphy Lee Brace,30,janettesaenzty
81,Barbara Seidel Yuengling Bouffard,-1,barbaraseidely
1175,,-1,bettyfrancisfo
858,William Price Hamff Scott Salter,-1,williampriceha
225,Dan Rankin Gibbons Brooks Song Duncklee,17,danrankingibbo
562,Billy Chaplin Rose Pulaski,31,billychaplinro
191,Lynn Urbancic Cortez Agosta Steiner,32,lynnurbancicco
221,Roger Moore Young Conover Lenters,16,rogermooreyoun
590,Roberto Davis Webb Davis Guillory,32,robertodaviswe
967,James Posadas Bell Hicks Stewart Jacobson,40,jamesposadasbe
839,,32,abbyhenryrajan
783,William Ingram Sanez Criswell Drey Williams,23,williamingrams
1054,Helen Pompa Gofton Rugg Elrod,15,helenpompagoft
117,Shirley Wells,26,shirleywells
171,Angeles Kessel Beauprez Crawford,-1,angeleskesselb
281,Raul Mercer Wright Wolfe Oliver,26,raulmercerwrig
1197,Reid Kunkel,20,reidkunkel
22,Michelle Bravo Clark Nielsen Smith,20,michellebravoc
212,Rachael Mulac Blair Ott Tatum,-1,rachaelmulacbl
687,Eddie Rivers Sorensen Gibson Geer,37,eddieriverssor
390,Jennifer Jemison Stanfield Tindol Hanner,21,jenniferjemiso
177,Lois Alexander Reynolds Ryans Peters,-1,loisalexanderr
357,Jill Loven Ramsey Foreman,-1,jilllovenramse
1165,Thomas Suomela Miller,30,thomassuomelam
207,,39,mariannestapps
1070,Thomas Weston Goodsell Folse,15,thomaswestongo
605,Alice Lewis Blockmon Fleming Ho,16,alicelewisbloc
215,Sheila Hernandez Wolff,-1,sheilahernande
670,Gigi Debernardi Barrett Vanos,40,gigidebernardi
476,Mary Vanwingerden Salcedo,22,maryvanwingerd
569,,-1,mikebrown
400,Gregory Chambers Hutto Everette,20,gregorychamber
358,Mary Miller Turner Bush Rosa,-1,marymillerturn
50,Steven Elliott Horta Reed Washington Johnson,-1,stevenelliotth
523,Kenneth Piacente Espinal Frank Lee,37,kennethpiacent
1135,Mario Hiemstra Workman Maxwell,21,mariohiemstraw
1163,,-1,anthonylopezca
781,Kevin Walters Horio Fletcher Mcginnis Williams,-1,kevinwaltersho
1200,Joyce Bryant Abrahams Anderson Devoll Long,-1,joycebryantabr
929,Russell Fletcher Woods Kaplan,34,russellfletche
324,Betty Potter,17,bettypotter
232,Carolyn Cawthorne Quach,38,carolyncawthor
905,Hayley Pereda,28,hayleypereda
380,Alice Hutcheson Robinson Snyder,19,alicehutcheson
692,Rosario Campbell Hills Miller Elliott Fischer,15,rosariocampbel
149,Glenn Macias Finke Allred Cardenas Rempel,-1,glennmaciasfin
119,Franchesca Tessier Beaushaw,-1,franchescatess
872,Susan Gandy,21,susangandy
475,Dana Paredes Geyer,-1,danaparedesgey
492,Charles Fred Perez Mitchell Wrubel,15,charlesfredper
1096,,-1,bryanoneillgri
336,Virginia Himmel Morin Heredia,38,virginiahimmel
431,Dan Lee,40,danlee
76,George Mccoy,-1,georgemccoy
493,James Bachleda Angelo Moore Shores Garcia,33,jamesbachledaa
435,Lawanda Massey Nash Rickman Yang Nichols,-1,lawandamasseyn
685,Anne Johnson Fontenette Hensler Hall Mizrahi,-1,annejohnsonfon
1148,Daniel Terrill Jacobson Brinegar Hoskins,38,danielterrillj
882,Paul Shaffer Munoz Alleyne Carroll,26,paulshaffermun
187,,-1,dustinschenkel
450,Mark Dameron Weisgarber Justice Hawk,23,markdameronwei
46,Kelly Friedman Hayward,16,kellyfriedmanh
1082,,19,jenniferacosta
824,Joy Mcentire Coburn Crossen Escalante Cortez,-1,joymcentirecob
975,Andrew Cantella Cataline Rivard Wilson White,-1,andrewcantella
454,Anthony Russell Murphy Kendrick Macon,-1,anthonyrussell
396,Edwin Morris Smith Jackson Clark,-1,edwinmorrissmi
1020,James Steffens Rosenzweig,28,jamessteffensr
90,Steve Reddy,37,stevereddy
378,Mary Eller Truesdell Dekle,-1,maryellertrues
737,Ruth Wiltberger Meyer Alexander Reyes,-1,ruthwiltberger
854,Fay Hawthorne Harris Bartlett Price Blazer,-1,fayhawthorneha
777,Geraldine Hornsby Flores Harris Diaz Babin,25,geraldinehorns
614,Ella Leuthauser Roode Cables Towry Olson,21,ellaleuthauser
568,Edna Perez,14,ednaperez
1174,Amelia Cooper Shields Rivera,-1,ameliacoopersh
126,Kathi Fox Tietjen Bray Thomas,21,kathifoxtietje
662,Roger Newman Roseman Aurand,-1,rogernewmanros
412,Karen Emmerich Sword Johnson,33,karenemmerichs
39,Sean Holt,-1,seanholt
1142,Donna Harris Johnson,16,donnaharrisjoh
480,,16,stephaniepowel
780,Christine Johnson Lugo Leal Mullins Arceneaux,14,christinejohns
79,Michael Butler Warner,-1,michaelbutlerw
946,Gary Kunert Smith Lewis Reynolds,-1,garykunertsmit
136,Richard Howard,25,richardhoward
235,Benjamin Shover Jones Rossi Gonzalez,19,benjaminshover
800,Emma Dunham,27,emmadunham
930,Gloria Miller,-1,gloriamiller
1157,Michael Sims Tarrant Stevens Klinger,17,michaelsimstar
578,Owen Brink,-1,owenbrink
1084,Earl Halliburton Perkins,-1,earlhalliburto
158,Charles Pichardo Rathburn,17,charlespichard
161,,-1,fredgallomulze
1145,Albert Palmer Earlywine Hawkins Weber,-1,albertpalmerea
589,Gerard Anderson Barnes,24,gerardanderson
384,Bonnie Doolittle Beckham Mitchell,31,bonniedoolittl
790,,36,sharynbradleys
936,William Grist Burdett,-1,williamgristbu
861,Aaron Holloway Williams Kaul Ballard Howard,14,aaronhollowayw
127,Robert Grant,-1,robertgrant
277,Nancy Otero Davis,32,nancyoterodavi
1080,,-1,avisgobleruhlp
331,Lamont Mcenany Nowak,39,lamontmcenanyn
498,,37,elmirahaskinsr
665,Anna Trible Metz,-1,annatriblemetz
640,Donita Truman Slaughter Anderson,-1,donitatrumansl
1038,Maria Leavitt Duke Bishop,14,marialeavittdu
253,Paulette Chambers Haught Bramble,14,paulettechambe
862,Kim Macmillan Clarke Elliot King Mayfield,30,kimmacmillancl
725,,28,chadklein
11,Phyllis Slater Nielsen Lesperance Jones Brown,21,phyllisslatern
256,Dawn Buchman Lee Stonge,-1,dawnbuchmanlee
471,Melinda Whited Carver,-1,melindawhitedc
298,Darrell Winslow Davis Orear,26,darrellwinslow
197,Rachel Embree Saddler Hernandez,37,rachelembreesa
1053,Henry Middaugh,16,henrymiddaugh
645,,-1,lydiasponaugle
36,Michael Hollomon,16,michaelhollomo
143,Joseph Padgett Carrales Stoner Chavez Janson,-1,josephpadgettc
427,Alfredo Wenk Bruton Ketcham Davenport Smith,40,alfredowenkbru
723,Norman Crump Desrosiers,28,normancrumpdes
28,Michael Boggs Bolick,29,michaelboggsbo
914,,-1,jessicaporterf
61,Steve Bremmer Hunter Westbrook,-1,stevebremmerhu
345,Deborah Moffett Austin Carnahan Salinas,-1,deborahmoffett
728,,-1,fredterryjones
388,Vanessa Crawford,39,vanessacrawfor
1064,Junior Johnson Devilla Butts,28,juniorjohnsond
771,Alison Perez,35,alisonperez
1108,Victor Beltran Thompson Taylor,20,victorbeltrant
309,James Seay Weaver Wallace,-1,jamesseayweave
428,Martha Brown,-1,marthabrown
702,Fidel Ison Austin Brewer Pankow,-1,fidelisonausti
419,Sonya Hewitt Dugan Horton Lewis Reuter,30,sonyahewittdug
1004,Selina Prior Walton,35,selinapriorwal
87,Norma Hill Bowen Dow Moritz,-1,normahillbowen
818,Abbie Durkin Heinz Vidrio,-1,abbiedurkinhei
924,Edward Pagan Berry Orozco,25,edwardpaganber
228,,14,jeffersonlovel
1083,Alicia Riekena Conner Lo,23,aliciariekenac
257,Jane Mccurdy,15,janemccurdy
18,,-1,georgecannon
413,Paul Stuber Perry,-1,paulstuberperr
407,Barbara Hobbs Devereux Barreras,-1,barbarahobbsde
473,,17,darrenconlonal
37,Earl Mercer Ali Ryan,35,earlmerceralir
1026,Anna Salis Kowalski,-1,annasaliskowal
333,,27,donaldmister
361,Juanita Odonnell Garcia Stai Johnson Jones,-1,juanitaodonnel
164,,39,terrybushmanpu
504,Jacob Mccalpane Hardebeck Kramer,14,jacobmccalpane
712,Yolanda Goss Kiefer,-1,yolandagosskie
926,Herbert Daniels Whitley Ortiz Parr Curran,-1,herbertdaniels
546,Bob Meiners Cannon Parker Martinez Hynes,33,bobmeinerscann
736,Linda Sato Wedderburn Petry Jones,29,lindasatowedde
344,,-1,felixkuroharas
443,James Torrie,-1,jamestorrie
118,Karl Paradise Stover Coleman Cruz Glisson,15,karlparadisest
879,,22,victorsimsherd
1077,,-1,robertblochers
365,,24,jessicanealyma
1085,Karen Infield Swanson,-1,kareninfieldsw
1012,Carolyn Conrad,-1,carolynconrad
1122,Sybil Beals Carrick,17,sybilbealscarr
258,Naomi Christy,19,naomichristy
950,George Cross Giannini Bailey,39,georgecrossgia
153,Wendy Fruman Mata Lewis,-1,wendyfrumanmat
945,Louise Garcia Simmons Villa,-1,louisegarciasi
701,Evelyn Girdler Floyd,21,evelyngirdlerf
138,,-1,tiffanyavilapo
1055,Charles Eichberger Dowd,22,charleseichber
841,Sandra Moore Henry,31,sandramoorehen
494,Hilda Aldrich Marques,-1,hildaaldrichma
438,Dianna Murray Moehrle Diaz Nix,33,diannamurraymo
44,Kevin Collier Fisher,-1,kevincollierfi
1128,Freda Hoskins Clayton Roberson Valen Brown,23,fredahoskinscl
41,,31,andrewschneide
883,Diego Blethen Boyle,36,diegoblethenbo
186,Patricia Moore Linder Hice,21,patriciamoorel
386,Rosalia Fields Mccollum,15,rosaliafieldsm
683,Corrinne Prince Hamman Johnson Schmelzer Sliva,34,corrinneprince
591,Melissa Mack Perez Stutts Le,24,melissamackper
786,Jeanne Hodde Luck Clark Raya Roberts,14,jeannehoddeluc
293,Pauline Aynes Loque Colon Hill Smith,-1,paulineayneslo
512,Hugh Loreto Kennedy,34,hughloretokenn
604,,-1,kennethturnerp
55,Gerald Johnson Thomas Stuart Richmond,-1,geraldjohnsont
1032,Sheila Mctaggart,39,sheilamctaggar
716,Cameron Cochran,26,cameroncochran
954,Derek Speis Barron Sherman,39,derekspeisbarr
250,Patricia White Hogue Jacobs,-1,patriciawhiteh
778,Casey Laris Lara Brewster Marsh Ashlock,-1,caseylarislara
1192,Louis Brown Robbins Eglinton Bratcher Gill,-1,louisbrownrobb
4,Dwayne Fernandez Hutchison Tunney Dulle,38,dwaynefernande
1182,Darrel Dunn Knapp Bertram Lowry,-1,darreldunnknap
1111,,-1,dianabuissonpe
564,Tina Murphy Hendrix Moore,20,tinamurphyhend
767,Michael Hart,38,michaelhart
369,Shawn Schreiber Mantooth Turner Brantner,-1,shawnschreiber
853,Eusebio Camper,30,eusebiocamper
815,,-1,shaynekennedyt
135,Peggy Gerhardt Spangler Brummett Singletary Strahle,-1,peggygerhardts
103,Charles Lightle Bridges Corbin,16,charleslightle
963,Leo Duran Cirino Helton Mascaro Coleman,33,leodurancirino
1041,Frederick Gee Wells Bonds,-1,frederickgeewe
318,Elsa Pressley,38,elsapressley
262,James Rhine,34,jamesrhine
942,Stephane Archer Owens Ragsdale,27,stephanearcher
567,Nicole Hunter Green Chueng Garay,-1,nicolehuntergr
98,Darlene Spooner Biggs Jolly,38,darlenespooner
224,Hosea Ruddell,-1,hosearuddell
864,Minnie Harwood Thomas,16,minnieharwoodt
1091,Margie Mchenry Pohlman,28,margiemchenryp
964,Nicholas Robinson,17,nicholasrobins
834,Mitchell Barthel Jolly,-1,mitchellbarthe
674,,18,patriciaburton
917,Micheal Jones,-1,michealjones
639,Leroy Weiss Landers Pettitt,-1,leroyweissland
535,Marquita Banks Thompson Acevedo Solares Hannan,27,marquitabankst
434,Lucille Vinson,19,lucillevinson
1007,,33,kennethkidwell
865,Peggy Stewart Cantu Brock Holden,16,peggystewartca
240,,32,carltonbalints
1073,Santiago Ramsey Martin,-1,santiagoramsey
205,Robert Dillard Wilks,-1,robertdillardw
711,Al Timmons Bystron Laigo Veatch Quintanar,25,altimmonsbystr
92,Olivia Cahee Waller Cooke Dingee Galarza,-1,oliviacaheewal
379,David Bustos Brayboy Sanders,31,davidbustosbra
1058,Raymond Mooneyhan Geren White,17,raymondmooneyh
766,,35,claricehoskins
288,Deborah Marlow Langford Darnstaedt Kay,26,deborahmarlowl
522,Goldie Farrar Chobot Kohl,25,goldiefarrarch
563,Gary Robinson Wasmer Jones,-1,garyrobinsonwa
254,,17,leonardsmalley
165,Judy Martz Blankenship Holcomb Singletary,28,judymartzblank
19,Martha Kraft Balowski Riendeau,-1,marthakraftbal
755,Dennis Young,18,dennisyoung
1168,Aisha Lyman Falgout Wozniak Gaston,33,aishalymanfalg
453,Kathryn Luthy Surber Borton Peden,19,kathrynluthysu
796,Curtis Norris Edwards,-1,curtisnorrised
515,Tuyet Miller Whitman Gordon Iversen Baker,-1,tuyetmillerwhi
371,Roger Grev Grant Dimond Mcgarvey Montville,-1,rogergrevgrant
695,Rachel Russell Mendez Simmons Harrell,-1,rachelrussellm
133,Theodore Winters,18,theodorewinter
646,Robert Bayas,-1,robertbayas
441,Dennis Clower Powers Burger,-1,dennisclowerpo
233,Barbra Miller Treinen Mingle,-1,barbramillertr
557,Ramona Taylor Garner West,34,ramonataylorga
977,Bertha Gray Bauer Huot Fabrizio Martino,33,berthagraybaue
70,,19,lisakennedygra
104,Paul Turnbull Rollins Woodruff Bowman,-1,paulturnbullro
978,,-1,christinacarte
248,Carla Neuenfeldt Budd,24,carlaneuenfeld
38,Margaret Schaefer Sanchez Rios Trujillo,31,margaretschaef
958,Herbert Froedge Giddins Auld Burke Price,18,herbertfroedge
499,Richard Boyle Numbers Reyes,-1,richardboylenu
112,Karen Taylor Shuttleworth Belgarde Gregorio Jaime,-1,karentaylorshu
226,Ann Gulbranson Delaney,-1,anngulbransond
27,Jessica Kennon Suarez,-1,jessicakennons
673,,29,danielday
1143,Rita Vanderpool Lovelady,-1,ritavanderpool
707,,-1,leonawoodfrank
1167,Shirley Hickman,-1,shirleyhickman
972,Debra Davis,-1,debradavis
363,,-1,youngtarpeybou
895,Cathy Vadenais,37,cathyvadenais
452,,39,leonhitzkirkha
320,Gregory Garr Zhou Dean Anderson Cerza,-1,gregorygarrzho
842,James Smith Fralin,21,jamessmithfral
738,Kenneth Johnson Steffen Loffelbein,20,kennethjohnson
938,Angela Larocque,40,angelalarocque
1150,Vicki Lansdale Snyder Jarecki Fala,-1,vickilansdales
848,,-1,kathleencleckl
666,Adelina Williams Hartley Marshall,31,adelinawilliam
524,Barbara Kennan,-1,barbarakennan
1061,Cleo Shirley Nelson Hardy,-1,cleoshirleynel
866,Cynthia Abel,20,cynthiaabel
34,Jonathan Flores Street,-1,jonathanflores
952,Charles Hardin,35,charleshardin
62,Mary Gordy Morrison,18,marygordymorri
912,Aaron Nelson,39,aaronnelson
20,Russell Whitney Strauss,-1,russellwhitney
89,Samuel Kim Brown Marshall Oneil Maha,-1,samuelkimbrown
31,Scott Padilla Hendricks,39,scottpadillahe
703,Steven Martin Foskett,40,stevenmartinfo
448,Joyce Ortiz Baker,16,joyceortizbake
347,Jacqueline Doan,-1,jacquelinedoan
474,Linda Araujo Barham,24,lindaaraujobar
282,Jose Tillman,-1,josetillman
354,Michelle Brown Fain Morgia Whitney Poole,39,michellebrownf
877,Denise Rosica Ferrell Jeffrie Dobson Kio,22,deniserosicafe
1072,James Lee Carpenter,-1,jamesleecarpen
821,Randolph Hardy Brown Clancy,22,randolphhardyb
440,Evelyn Crawford Byrd,30,evelyncrawford
708,Lisa Tsosie Hamilton Flores,22,lisatsosiehami
949,Cynthia Jackson Carroll Swoager,-1,cynthiajackson
270,,24,kenforemorriso
1120,,-1,erwinperkinsro
323,Tina Witherite,30,tinawitherite
1028,John Sibley Rodrigues Jefferson Feldman Hodges,-1,johnsibleyrodr
